Title,Publication Date,Quarter End Date,URL
Advanced Micro Devices (AMD) Q4 2024 Earnings Call Transcript,"Feb 5, 2025","December 31, 2024.",https://www.fool.com/earnings/call-transcripts/2025/02/05/advanced-micro-devices-amd-q4-2024-earnings-call-t/
Advanced Micro Devices (AMD) Q3 2024 Earnings Call Transcript,"Oct 29, 2024","September 30, 2024.",https://www.fool.com/earnings/call-transcripts/2024/10/29/advanced-micro-devices-amd-q3-2024-earnings-call-t/
Advanced Micro Devices (AMD) Q2 2024 Earnings Call Transcript,"Jul 30, 2024","June 30, 2024.",https://www.fool.com/earnings/call-transcripts/2024/07/30/advanced-micro-devices-amd-q2-2024-earnings-call-t/
Advanced Micro Devices (AMD) Q1 2024 Earnings Call Transcript,"Apr 30, 2024","March 31, 2024.",https://www.fool.com/earnings/call-transcripts/2024/04/30/advanced-micro-devices-amd-q1-2024-earnings-call-t/
Advanced Micro Devices (AMD) Q4 2023 Earnings Call Transcript,"Jan 31, 2024","December 31, 2023.",https://www.fool.com/earnings/call-transcripts/2024/01/31/advanced-micro-devices-amd-q4-2023-earnings-call-t/
Advanced Micro Devices (AMD) Q3 2023 Earnings Call Transcript,"Oct 31, 2023","September 30, 2023.",https://www.fool.com/earnings/call-transcripts/2023/10/31/advanced-micro-devices-amd-q3-2023-earnings-call-t/
Advanced Micro Devices (AMD) Q2 2023 Earnings Call Transcript,"Aug 1, 2023","June 30, 2023.",https://www.fool.com/earnings/call-transcripts/2023/08/01/advanced-micro-devices-amd-q2-2023-earnings-call-t/
Advanced Micro Devices (AMD) Q1 2023 Earnings Call Transcript,"May 2, 2023","March 31, 2023.",https://www.fool.com/earnings/call-transcripts/2023/05/02/advanced-micro-devices-amd-q1-2023-earnings-call-t/
Advanced Micro Devices (AMD) Q4 2022 Earnings Call Transcript,"Feb 1, 2023","December 31, 2022.",https://www.fool.com/earnings/call-transcripts/2023/02/01/advanced-micro-devices-amd-q4-2022-earnings-call-t/
Advanced Micro Devices (AMD) Q3 2022 Earnings Call Transcript,"Nov 1, 2022","September 30, 2022.",https://www.fool.com/earnings/call-transcripts/2022/11/01/advanced-micro-devices-amd-q3-2022-earnings-call-t/
Advanced Micro Devices (AMD) Q2 2022 Earnings Call Transcript,"Aug 2, 2022","June 30, 2022.",https://www.fool.com/earnings/call-transcripts/2022/08/02/advanced-micro-devices-amd-q2-2022-earnings-call-t/
Advanced Micro Devices (AMD) Q1 2022 Earnings Call Transcript,"May 4, 2022","March 31, 2022.",https://www.fool.com/earnings/call-transcripts/2022/05/04/advanced-micro-devices-amd-q1-2022-earnings-call-t/
Advanced Micro Devices (AMD) Q4 2021 Earnings Call Transcript,"Feb 2, 2022","December 31, 2021.",https://www.fool.com/earnings/call-transcripts/2022/02/02/advanced-micro-devices-amd-q4-2021-earnings-call-t/
Advanced Micro Devices (AMD) Q3 2021 Earnings Call Transcript,"Oct 27, 2021","September 30, 2021.",https://www.fool.com/earnings/call-transcripts/2021/10/27/advanced-micro-devices-amd-q3-2021-earnings-call-t/
Advanced Micro Devices (AMD) Q2 2021 Earnings Call Transcript,"Jul 27, 2021","June 30, 2021.",https://www.fool.com/earnings/call-transcripts/2021/07/27/advanced-micro-devices-amd-q2-2021-earnings-call-t/
Advanced Micro Devices (AMD) Q1 2021 Earnings Call Transcript,"Apr 27, 2021","March 31, 2021.",https://www.fool.com/earnings/call-transcripts/2021/04/27/advanced-micro-devices-amd-q1-2021-earnings-call-t/
Advanced Micro Devices (AMD) Q4 2020 Earnings Call Transcript,"Jan 27, 2021","December 31, 2020.",https://www.fool.com/earnings/call-transcripts/2021/01/27/advanced-micro-devices-amd-q4-2020-earnings-call-t/
Advanced Micro Devices (AMD) Q3 2020 Earnings Call Transcript,"Oct 28, 2020","September 30, 2020.",https://www.fool.com/earnings/call-transcripts/2020/10/28/advanced-micro-devices-amd-q3-2020-earnings-call-t/
Advanced Micro Devices (AMD) Q2 2020 Earnings Call Transcript,"Jul 29, 2020","June 30, 2020.",https://www.fool.com/earnings/call-transcripts/2020/07/29/advanced-micro-devices-amd-q2-2020-earnings-call-t.aspx
Advanced Micro Devices (AMD) Q1 2020 Earnings Call Transcript,"Apr 29, 2020","March 31, 2020.",https://www.fool.com/earnings/call-transcripts/2020/04/29/advanced-micro-devices-amd-q1-2020-earnings-call-t.aspx
Advanced Micro Devices (AMD) Q4 2019 Earnings Call Transcript,"Jan 29, 2020","December 31, 2019.",https://www.fool.com/earnings/call-transcripts/2020/01/29/advanced-micro-devices-amd-q4-2019-earnings-call-t.aspx
Advanced Micro Devices (AMD) Q3 2019 Earnings Call Transcript,"Oct 30, 2019","September 30, 2019.",https://www.fool.com/earnings/call-transcripts/2019/10/30/advanced-micro-devices-amd-q3-2019-earnings-call-t.aspx
Advanced Micro Devices (AMD) Q2 2019 Earnings Call Transcript,"Jul 30, 2019","June 30, 2019.",https://www.fool.com/earnings/call-transcripts/2019/07/30/advanced-micro-devices-amd-q2-2019-earnings-call-t.aspx
Advanced Micro Devices (AMD) Q1 2019 Earnings Call Transcript,"May 1, 2019","March 31, 2019.",https://www.fool.com/earnings/call-transcripts/2019/05/01/advanced-micro-devices-amd-q1-2019-earnings-call-t.aspx
